[
    {
        "id": "4",
        "b_id": "b-70001",
        "u_id": "1357678",
        "cat_id": "cat-20006",
        "scat_id": "scat-30006",
        "b_title": "spicy noodles",
        "b_subtitle": "chines special noodles",
        "b_desc": " A bowl of slurpy, tasty and spicy noodles is a dish that we could hard",
        "b_image": "home-img-1.png",
        "status": "show"
    },
    {
        "id": "5",
        "b_id": "b-70002",
        "u_id": "1357678",
        "cat_id": "cat-20003",
        "scat_id": "scat-30011",
        "b_title": "spicy pizza",
        "b_subtitle": "hot & spicy dishes",
        "b_desc": " a flat, open-faced baked pie of Italian origin, consisting of a thin layer of bread dough topped wit",
        "b_image": "home-img-3.png",
        "status": "show"
    },
    {
        "id": "6",
        "b_id": "b-70003",
        "u_id": "1357678",
        "cat_id": "cat-20002",
        "scat_id": "scat-30005",
        "b_title": "spicy chicken",
        "b_subtitle": "world famous dishes",
        "b_desc": " Delicious chicken recipes from the pakistan best chefs including roast chicken",
        "b_image": "home-img-2.png",
        "status": "hide"
    },
    {
        "id": "0",
        "b_id": "b-70004",
        "u_id": "1357678",
        "cat_id": "cat-20008",
        "scat_id": "scat-30012",
        "b_title": "hydrabadi Biryani",
        "b_subtitle": "Wowo , Its aws and spicy",
        "b_desc": "N\/A",
        "b_image": "dish-3.png",
        "status": ""
    },
    {
        "id": "0",
        "b_id": "b-70005",
        "u_id": "1357678",
        "cat_id": "cat-20003",
        "scat_id": "scat-30002",
        "b_title": "Signature Pizza",
        "b_subtitle": "extra cheez & free soft drinks ",
        "b_desc": "Served With 1pc Garlic Bread",
        "b_image": "dish-4.png",
        "status": ""
    }
]