[
    {
        "cr_id": "28",
        "inv_id": "",
        "cat_id": "cat-20003",
        "scat_id": "scat-30002",
        "pro_id": "p-10001",
        "u_id": "1357678",
        "qty": "5",
        "prize": "850",
        "tax": "3",
        "date": "2023-02-20 02:43:01.000000",
        "status": "pending"
    },
    {
        "cr_id": "29",
        "inv_id": "",
        "cat_id": "cat-20004",
        "scat_id": "scat-30003",
        "pro_id": "p-10002",
        "u_id": "1357678",
        "qty": "5",
        "prize": "110",
        "tax": "3",
        "date": "2023-02-20 02:43:01.000000",
        "status": "pending"
    },
    {
        "cr_id": "30",
        "inv_id": "",
        "cat_id": "cat-20001",
        "scat_id": "scat-30009",
        "pro_id": "p-10009",
        "u_id": "1357678",
        "qty": "5",
        "prize": "190",
        "tax": "3",
        "date": "2023-02-20 02:49:02.000000",
        "status": "pending"
    },
    {
        "cr_id": "31",
        "inv_id": "",
        "cat_id": "cat-20002 ",
        "scat_id": "scat-30005",
        "pro_id": "p-10011",
        "u_id": "1357678",
        "qty": "5",
        "prize": "1500",
        "tax": "3",
        "date": "2023-02-20 02:54:01.000000",
        "status": "pending"
    },
    {
        "cr_id": "32",
        "inv_id": "",
        "cat_id": "cat-20002 ",
        "scat_id": "scat-30005",
        "pro_id": "p-10011",
        "u_id": "1357678",
        "qty": "5",
        "prize": "1500",
        "tax": "3",
        "date": "2023-02-20 02:55:58.000000",
        "status": "pending"
    },
    {
        "cr_id": "33",
        "inv_id": "",
        "cat_id": "cat-20001",
        "scat_id": "scat-30009",
        "pro_id": "p-10009",
        "u_id": "1357678",
        "qty": "5",
        "prize": "190",
        "tax": "3",
        "date": "2023-02-20 02:57:42.000000",
        "status": "pending"
    }
]