[
    {
        "id": "1",
        "cat_id": "cat-20001",
        "u_id": "1357678",
        "cat_name": "burger",
        "status": "show"
    },
    {
        "id": "2",
        "cat_id": "cat-20002",
        "u_id": "1357678",
        "cat_name": "meat",
        "status": "show"
    },
    {
        "id": "3",
        "cat_id": "cat-20003",
        "u_id": "1133030496",
        "cat_name": "pizza",
        "status": "show"
    },
    {
        "id": "4",
        "cat_id": "cat-20004",
        "u_id": "1357678",
        "cat_name": "rots",
        "status": "show"
    },
    {
        "id": "5",
        "cat_id": "cat-20005",
        "u_id": "1357678",
        "cat_name": "ice cream",
        "status": "show"
    },
    {
        "id": "6",
        "cat_id": "cat-20006",
        "u_id": "1357678",
        "cat_name": "noodles",
        "status": "show"
    },
    {
        "id": "7",
        "cat_id": "cat-20007",
        "u_id": "1357678",
        "cat_name": "beverages",
        "status": "show"
    },
    {
        "id": "9",
        "cat_id": "cat-20008",
        "u_id": "1357678",
        "cat_name": "Biryani",
        "status": "show"
    }
]