[
    {
        "pp_id": "1",
        "ps_id": "stk-40001",
        "cat_id": "cat-20001",
        "scat_id": "scat-30001",
        "pro_id": "p-10001",
        "u_id": "1357678",
        "qty": "20",
        "prize": "115",
        "tax": "2",
        "date": "2023-02-20 02:43:01",
        "status": "show"
    },
    {
        "pp_id": "2",
        "ps_id": "stk-40002",
        "cat_id": "cat-20001",
        "scat_id": "scat-30009",
        "pro_id": "p-10009",
        "u_id": "1357678",
        "qty": "15",
        "prize": "170",
        "tax": "2",
        "date": "2023-02-20 02:57:42",
        "status": "show"
    },
    {
        "pp_id": "3",
        "ps_id": "stk-40003",
        "cat_id": "cat-20001",
        "scat_id": "scat-30007",
        "pro_id": "p-10006",
        "u_id": "1357678",
        "qty": "30",
        "prize": "120",
        "tax": "2",
        "date": "2023-02-17 11:08:00.000000",
        "status": "hide"
    },
    {
        "pp_id": "5",
        "ps_id": "stk-40004",
        "cat_id": "cat-20002",
        "scat_id": "scat-30005",
        "pro_id": "p-10011",
        "u_id": "1357678",
        "qty": "15",
        "prize": "1500",
        "tax": "2",
        "date": "2023-02-20 02:55:58",
        "status": "show"
    },
    {
        "pp_id": "6",
        "ps_id": "stk-40005",
        "cat_id": "cat-20002",
        "scat_id": "scat-30005",
        "pro_id": "p-10011",
        "u_id": "1357678",
        "qty": "10",
        "prize": "1500",
        "tax": "2",
        "date": "2023-03-19",
        "status": "show"
    },
    {
        "pp_id": "7",
        "ps_id": "stk-40006",
        "cat_id": "cat-20003",
        "scat_id": "scat-30002",
        "pro_id": "p-10001",
        "u_id": "1357678",
        "qty": "25",
        "prize": "800",
        "tax": "2",
        "date": "2023-02-20T01:30",
        "status": "show"
    },
    {
        "pp_id": "8",
        "ps_id": "stk-40007",
        "cat_id": "cat-20002",
        "scat_id": "scat-30005",
        "pro_id": "p-10011",
        "u_id": "1357678",
        "qty": "25",
        "prize": "800",
        "tax": "2",
        "date": "2023-02-20T01:33",
        "status": "show"
    },
    {
        "pp_id": "9",
        "ps_id": "stk-40008",
        "cat_id": "cat-20004",
        "scat_id": "scat-30003",
        "pro_id": "p-10002",
        "u_id": "1357678",
        "qty": "20",
        "prize": "110",
        "tax": "2",
        "date": "2023-02-20 02:43:01",
        "status": "show"
    },
    {
        "pp_id": "10",
        "ps_id": "stk-40009",
        "cat_id": "cat-20005",
        "scat_id": "scat-30010",
        "pro_id": "p-10010",
        "u_id": "1357678",
        "qty": "0",
        "prize": "200",
        "tax": "2",
        "date": "2023-02-20T12:54",
        "status": "show"
    }
]