[
    {
        "id": "1",
        "p_id": "p-10001",
        "cat_id": "cat-20003",
        "scat_id": "scat-30002",
        "u_id": "1357678",
        "p_title": "Large pizza",
        "p_subtitle": "so Spicy",
        "p_desc": " N\/A",
        "p_prize": "850",
        "p_image": "menu-1.jpg",
        "status": "show",
        "action": "far"
    },
    {
        "id": "2",
        "p_id": "p-10002",
        "cat_id": "cat-20004",
        "scat_id": "scat-30003",
        "u_id": "1357678",
        "p_title": "roster moster",
        "p_subtitle": "small roster",
        "p_desc": " this is roster",
        "p_prize": "110",
        "p_image": "dish-2.png",
        "status": "show",
        "action": "far"
    },
    {
        "id": "3",
        "p_id": "p-10003",
        "cat_id": "3",
        "scat_id": "0",
        "u_id": "2",
        "p_title": "down pizza",
        "p_subtitle": "so Delicious",
        "p_desc": "pizza is  is very nice",
        "p_prize": "280",
        "p_image": "dish-4.png",
        "status": "show",
        "action": "far"
    },
    {
        "id": "4",
        "p_id": "p-10004",
        "cat_id": "cat-20004",
        "scat_id": "scat-30013",
        "u_id": "1357678",
        "p_title": "legs roster",
        "p_subtitle": "larger roster",
        "p_desc": "  this is roster",
        "p_prize": "160",
        "p_image": "dish-6.png",
        "status": "show",
        "action": "far"
    },
    {
        "id": "5",
        "p_id": "p-10005",
        "cat_id": "cat-20005",
        "scat_id": "scat-30004",
        "u_id": "1357678",
        "p_title": "black ice cream",
        "p_subtitle": "so Delicious",
        "p_desc": "   ice cream is nice",
        "p_prize": "150",
        "p_image": "dish-5.png",
        "status": "hide",
        "action": "far"
    },
    {
        "id": "6",
        "p_id": "p-10006",
        "cat_id": "cat-20001",
        "scat_id": "scat-30014",
        "u_id": "1357678",
        "p_title": "ELK burger",
        "p_subtitle": "Lean, delicious ",
        "p_desc": "   Lean, delicious and free-range , Awesome In Rang , Elk Burger is Spicy",
        "p_prize": "360",
        "p_image": "dish-7.png",
        "status": "show",
        "action": "far"
    },
    {
        "id": "13",
        "p_id": "p-10008",
        "cat_id": "cat-20008",
        "scat_id": "scat-30012",
        "u_id": "1357678",
        "p_title": "Hyderabadi biryani",
        "p_subtitle": "fried chicken",
        "p_desc": "   Hyderabadi chicken biryani is an aromatic, mouth watering and authentic Indian dish with succulent chicken in layers of fluffy rice, fragrant spice",
        "p_prize": "250",
        "p_image": "chicken.png",
        "status": "show",
        "action": "far"
    },
    {
        "id": "14",
        "p_id": "p-10009",
        "cat_id": "cat-20001",
        "scat_id": "scat-30009",
        "u_id": "1357678",
        "p_title": "cheez burger",
        "p_subtitle": "Extra spicy and hot",
        "p_desc": "  hello guys, new offer of cheezz burger",
        "p_prize": "190",
        "p_image": "dish-7.png",
        "status": "show",
        "action": "far"
    },
    {
        "id": "16",
        "p_id": "0",
        "cat_id": "1",
        "scat_id": "8",
        "u_id": "2",
        "p_title": "demo",
        "p_subtitle": "demo delected",
        "p_desc": "demo",
        "p_prize": "2424",
        "p_image": "menu-3.jpg",
        "status": "show",
        "action": "far"
    },
    {
        "id": "17",
        "p_id": "p-10010",
        "cat_id": "cat-20005",
        "scat_id": "scat-30010",
        "u_id": "1357678",
        "p_title": "Mango Ice",
        "p_subtitle": "Sweet & ice ",
        "p_desc": " 125kcal",
        "p_prize": "250",
        "p_image": "dish-8.jpg",
        "status": "show",
        "action": "far"
    },
    {
        "id": "18",
        "p_id": "p-10011",
        "cat_id": "cat-20002 ",
        "scat_id": "scat-30005",
        "u_id": "1357678",
        "p_title": "fire Chicken",
        "p_subtitle": "so Spicy",
        "p_desc": "N\/A",
        "p_prize": "1500",
        "p_image": "dish-3.png",
        "status": "show",
        "action": "far"
    }
]