[
    {
        "id": "1",
        "scat_id": "scat-30001",
        "cat_id": "cat-20001",
        "u_id": "1133030496",
        "scat_name": "zinger burger",
        "status": "show"
    },
    {
        "id": "3",
        "scat_id": "scat-30002",
        "cat_id": "cat-20003",
        "u_id": "1357678",
        "scat_name": "larger pizza",
        "status": "show"
    },
    {
        "id": "4",
        "scat_id": "scat-30003",
        "cat_id": "cat-20004",
        "u_id": "1357678",
        "scat_name": "menu roster",
        "status": "show"
    },
    {
        "id": "5",
        "scat_id": "scat-30004",
        "cat_id": "cat-20005",
        "u_id": "1357678",
        "scat_name": "black ice",
        "status": "show"
    },
    {
        "id": "6",
        "scat_id": "scat-30005",
        "cat_id": "cat-20002",
        "u_id": "1133030496",
        "scat_name": "chicken",
        "status": "show"
    },
    {
        "id": "7",
        "scat_id": "scat-30006",
        "cat_id": "cat-20006",
        "u_id": "1357678",
        "scat_name": "chines noodles",
        "status": "show"
    },
    {
        "id": "10",
        "scat_id": "scat-30008",
        "cat_id": "cat-20005",
        "u_id": "1357678",
        "scat_name": "stabber",
        "status": "show"
    },
    {
        "id": "11",
        "scat_id": "scat-30009",
        "cat_id": "cat-20001",
        "u_id": "1357678",
        "scat_name": "cheez burger",
        "status": "show"
    },
    {
        "id": "12",
        "scat_id": "scat-30010",
        "cat_id": "cat-20005",
        "u_id": "1357678",
        "scat_name": "Mango Ice",
        "status": "show"
    },
    {
        "id": "13",
        "scat_id": "scat-30011",
        "cat_id": "cat-20003",
        "u_id": "1357678",
        "scat_name": "down pizza",
        "status": "show"
    },
    {
        "id": "14",
        "scat_id": "scat-30012",
        "cat_id": "cat-20008",
        "u_id": "1357678",
        "scat_name": "Hyderabadi biryani ",
        "status": "show"
    },
    {
        "id": "15",
        "scat_id": "scat-30013",
        "cat_id": "cat-20004",
        "u_id": "1357678",
        "scat_name": "leg roster",
        "status": "show"
    },
    {
        "id": "16",
        "scat_id": "scat-30014",
        "cat_id": "cat-20001",
        "u_id": "1357678",
        "scat_name": "elk burger",
        "status": "show"
    }
]